"Date","Price","Open","High","Low","Change %"
"Apr 15, 2021","26.066","26.066","26.066","26.066","0.14%"
"Apr 13, 2021","26.030","26.030","26.030","26.030","1.15%"
"Apr 12, 2021","25.734","25.734","25.734","25.734","-4.61%"
"Apr 09, 2021","26.978","26.978","26.978","26.978","-0.23%"
"Apr 08, 2021","27.039","27.039","27.039","27.039","1.42%"
"Apr 07, 2021","26.660","26.660","26.660","26.660","0.91%"
"Apr 06, 2021","26.420","26.420","26.420","26.420","0.01%"
"Apr 05, 2021","26.418","26.418","26.418","26.418","-1.41%"
"Apr 01, 2021","26.797","26.797","26.797","26.797","1.00%"
"Mar 31, 2021","26.532","26.532","26.532","26.532","0.52%"
"Mar 30, 2021","26.395","26.395","26.395","26.395","1.33%"
"Mar 26, 2021","26.049","26.049","26.049","26.049","1.95%"
"Mar 25, 2021","25.550","25.550","25.550","25.550","-1.22%"
"Mar 24, 2021","25.866","25.866","25.866","25.866","-1.43%"
"Mar 23, 2021","26.240","26.240","26.240","26.240","0.83%"
"Mar 22, 2021","26.023","26.023","26.023","26.023","0.51%"
"Mar 19, 2021","25.892","25.892","25.892","25.892","0.85%"
"Mar 18, 2021","25.674","25.674","25.674","25.674","-1.22%"
"Mar 17, 2021","25.991","25.991","25.991","25.991","-1.75%"
"Mar 16, 2021","26.453","26.453","26.453","26.453","0.02%"
"Mar 15, 2021","26.447","26.447","26.447","26.447","-0.81%"
"Mar 12, 2021","26.664","26.664","26.664","26.664","-0.62%"
"Mar 10, 2021","26.830","26.830","26.830","26.830","0.43%"
"Mar 09, 2021","26.714","26.714","26.714","26.714","-0.85%"
"Mar 08, 2021","26.944","26.944","26.944","26.944","0.35%"
"Mar 05, 2021","26.850","26.850","26.850","26.850","-1.15%"
"Mar 04, 2021","27.162","27.162","27.162","27.162","0.76%"
"Mar 03, 2021","26.957","26.957","26.957","26.957","0.97%"
"Mar 02, 2021","26.697","26.697","26.697","26.697","1.14%"
"Mar 01, 2021","26.395","26.395","26.395","26.395","1.59%"
"Feb 26, 2021","25.982","25.982","25.982","25.982","-1.86%"
"Feb 25, 2021","26.474","26.474","26.474","26.474","1.39%"
"Feb 24, 2021","26.110","26.110","26.110","26.110","1.21%"
"Feb 23, 2021","25.798","25.798","25.798","25.798","0.93%"
"Feb 22, 2021","25.561","25.561","25.561","25.561","-1.48%"
"Feb 19, 2021","25.945","25.945","25.945","25.945","-1.03%"
"Feb 18, 2021","26.216","26.216","26.216","26.216","0.50%"
"Feb 17, 2021","26.086","26.086","26.086","26.086","0.19%"
"Feb 16, 2021","26.037","26.037","26.037","26.037","0.37%"
"Feb 15, 2021","25.942","25.942","25.942","25.942","0.03%"
"Feb 12, 2021","25.935","25.935","25.935","25.935","-9.89%"
"Feb 11, 2021","28.782","28.782","28.782","28.782","0.75%"
"Feb 10, 2021","28.567","28.567","28.567","28.567","0.04%"
"Feb 09, 2021","28.556","28.556","28.556","28.556","0.18%"
"Feb 08, 2021","28.505","28.505","28.505","28.505","2.12%"
"Feb 05, 2021","27.913","27.913","27.913","27.913","-0.44%"
"Feb 04, 2021","28.036","28.036","28.036","28.036","1.53%"
"Feb 03, 2021","27.613","27.613","27.613","27.613","1.01%"
"Feb 02, 2021","27.337","27.337","27.337","27.337","3.40%"
"Feb 01, 2021","26.437","26.437","26.437","26.437","3.52%"
"Jan 29, 2021","25.539","25.539","25.539","25.539","-1.07%"
"Jan 28, 2021","25.815","25.815","25.815","25.815","-0.27%"
"Jan 27, 2021","25.885","25.885","25.885","25.885","-0.56%"
"Jan 25, 2021","26.031","26.031","26.031","26.031","-1.26%"
"Jan 22, 2021","26.362","26.362","26.362","26.362","-0.74%"
"Jan 21, 2021","26.558","26.558","26.558","26.558","-0.03%"
"Jan 20, 2021","26.565","26.565","26.565","26.565","0.39%"
"Jan 19, 2021","26.462","26.462","26.462","26.462","1.71%"
"Jan 18, 2021","26.018","26.018","26.018","26.018","-1.24%"
"Jan 15, 2021","26.346","26.346","26.346","26.346","-1.22%"
"Jan 14, 2021","26.671","26.671","26.671","26.671","0.21%"
"Jan 13, 2021","26.615","26.615","26.615","26.615","0.40%"
"Jan 12, 2021","26.509","26.509","26.509","26.509","0.30%"
"Jan 11, 2021","26.430","26.430","26.430","26.430","-0.26%"
"Jan 08, 2021","26.498","26.498","26.498","26.498","1.12%"
"Jan 07, 2021","26.205","26.205","26.205","26.205","1.46%"
"Jan 06, 2021","25.827","25.827","25.827","25.827","0.68%"
"Jan 05, 2021","25.653","25.653","25.653","25.653","0.66%"
"Jan 04, 2021","25.486","25.486","25.486","25.486","1.18%"
"Jan 01, 2021","25.189","25.189","25.189","25.189","0.53%"
"Dec 31, 2020","25.056","25.056","25.056","25.056","-0.09%"
"Dec 30, 2020","25.078","25.078","25.078","25.078","0.63%"
"Dec 29, 2020","24.921","24.921","24.921","24.921","0.18%"
"Dec 28, 2020","24.876","24.876","24.876","24.876","1.07%"
"Dec 24, 2020","24.612","24.612","24.612","24.612","0.76%"
"Dec 23, 2020","24.427","24.427","24.427","24.427","1.73%"
"Dec 22, 2020","24.011","24.011","24.011","24.011","0.62%"
"Dec 21, 2020","23.864","23.864","23.864","23.864","-3.90%"
"Dec 18, 2020","24.832","24.832","24.832","24.832","-0.10%"
"Dec 17, 2020","24.857","24.857","24.857","24.857","0.25%"
"Dec 16, 2020","24.794","24.794","24.794","24.794","0.76%"
"Dec 15, 2020","24.608","24.608","24.608","24.608","0.37%"
"Dec 14, 2020","24.517","24.517","24.517","24.517","0.74%"
"Dec 11, 2020","24.336","24.336","24.336","24.336","0.67%"
"Dec 10, 2020","24.174","24.174","24.174","24.174","-0.80%"
"Dec 09, 2020","24.369","24.369","24.369","24.369","0.26%"
"Dec 08, 2020","24.306","24.306","24.306","24.306","-0.31%"
"Dec 07, 2020","24.381","24.381","24.381","24.381","0.96%"
"Dec 04, 2020","24.149","24.149","24.149","24.149","1.13%"
"Dec 03, 2020","23.878","23.878","23.878","23.878","0.81%"
"Dec 02, 2020","23.685","23.685","23.685","23.685","0.39%"
"Dec 01, 2020","23.593","23.593","23.593","23.593","1.31%"
"Nov 27, 2020","23.287","23.287","23.287","23.287","1.03%"
"Nov 26, 2020","23.050","23.050","23.050","23.050","1.23%"
"Nov 25, 2020","22.771","22.771","22.771","22.771","-1.08%"
"Nov 24, 2020","23.019","23.019","23.019","23.019","0.89%"
"Nov 23, 2020","22.816","22.816","22.816","22.816","-0.11%"
"Nov 20, 2020","22.842","22.842","22.842","22.842","0.97%"
"Nov 19, 2020","22.623","22.623","22.623","22.623","-0.79%"
"Nov 18, 2020","22.804","22.804","22.804","22.804","1.64%"
"Nov 17, 2020","22.437","22.437","22.437","22.437","1.90%"
"Nov 13, 2020","22.018","22.018","22.018","22.018","0.44%"
"Nov 12, 2020","21.921","21.921","21.921","21.921","0.02%"
"Nov 11, 2020","21.916","21.916","21.916","21.916","0.89%"
"Nov 10, 2020","21.722","21.722","21.722","21.722","1.26%"
"Nov 09, 2020","21.451","21.451","21.451","21.451","1.72%"
"Nov 06, 2020","21.089","21.089","21.089","21.089","0.14%"
"Nov 05, 2020","21.059","21.059","21.059","21.059","1.72%"
"Nov 04, 2020","20.703","20.703","20.703","20.703","0.23%"
"Nov 03, 2020","20.656","20.656","20.656","20.656","1.42%"
"Nov 02, 2020","20.367","20.367","20.367","20.367","1.01%"
"Oct 30, 2020","20.164","20.164","20.164","20.164","-0.12%"
"Oct 29, 2020","20.189","20.189","20.189","20.189","-0.58%"
"Oct 28, 2020","20.307","20.307","20.307","20.307","-0.99%"
"Oct 27, 2020","20.511","20.511","20.511","20.511","0.92%"
"Oct 26, 2020","20.325","20.325","20.325","20.325","-1.39%"
"Oct 23, 2020","20.611","20.611","20.611","20.611","0.43%"
"Oct 22, 2020","20.523","20.523","20.523","20.523","0.57%"
"Oct 21, 2020","20.406","20.406","20.406","20.406","1.32%"
"Oct 20, 2020","20.140","20.140","20.140","20.140","0.21%"
"Oct 19, 2020","20.097","20.097","20.097","20.097","1.18%"
"Oct 16, 2020","19.863","19.863","19.863","19.863","1.53%"
"Oct 15, 2020","19.563","19.563","19.563","19.563","-1.90%"
"Oct 14, 2020","19.942","19.942","19.942","19.942","0.43%"
"Oct 13, 2020","19.857","19.857","19.857","19.857","-0.55%"
"Oct 12, 2020","19.967","19.967","19.967","19.967","-0.70%"
"Oct 09, 2020","20.107","20.107","20.107","20.107","0.64%"
"Oct 08, 2020","19.979","19.979","19.979","19.979","0.34%"
"Oct 07, 2020","19.911","19.911","19.911","19.911","-0.27%"
"Oct 06, 2020","19.965","19.965","19.965","19.965","0.71%"
"Oct 05, 2020","19.824","19.824","19.824","19.824","0.18%"
"Oct 01, 2020","19.789","19.789","19.789","19.789","1.25%"
"Sep 30, 2020","19.545","19.545","19.545","19.545","-0.29%"
"Sep 29, 2020","19.601","19.601","19.601","19.601","1.87%"
"Sep 25, 2020","19.242","19.242","19.242","19.242","2.31%"
"Sep 24, 2020","18.808","18.808","18.808","18.808","-2.72%"
"Sep 23, 2020","19.334","19.334","19.334","19.334","-0.70%"
"Sep 22, 2020","19.471","19.471","19.471","19.471","-1.41%"
"Sep 21, 2020","19.750","19.750","19.750","19.750","-3.50%"
"Sep 18, 2020","20.467","20.467","20.467","20.467","0.48%"
"Sep 17, 2020","20.369","20.369","20.369","20.369","-0.79%"
"Sep 16, 2020","20.531","20.531","20.531","20.531","0.18%"
"Sep 15, 2020","20.495","20.495","20.495","20.495","2.30%"
"Sep 11, 2020","20.035","20.035","20.035","20.035","0.12%"
"Sep 10, 2020","20.010","20.010","20.010","20.010","0.92%"
"Sep 09, 2020","19.827","19.827","19.827","19.827","-0.98%"
"Sep 08, 2020","20.024","20.024","20.024","20.024","-1.14%"
"Sep 07, 2020","20.255","20.255","20.255","20.255","-0.55%"
"Sep 04, 2020","20.367","20.367","20.367","20.367","-1.89%"
"Sep 03, 2020","20.759","20.759","20.759","20.759","-0.59%"
"Sep 02, 2020","20.883","20.883","20.883","20.883","0.64%"
"Sep 01, 2020","20.751","20.751","20.751","20.751","1.06%"
"Aug 31, 2020","20.534","20.534","20.534","20.534","-2.46%"
"Aug 25, 2020","21.052","21.052","21.052","21.052","0.92%"
"Aug 21, 2020","20.861","20.861","20.861","20.861","0.95%"
"Aug 20, 2020","20.664","20.664","20.664","20.664","0.13%"
"Aug 19, 2020","20.637","20.637","20.637","20.637","0.97%"
"Aug 18, 2020","20.438","20.438","20.438","20.438","1.27%"
"Aug 17, 2020","20.181","20.181","20.181","20.181","0.92%"
"Aug 14, 2020","19.998","19.998","19.998","19.998","-0.57%"
"Aug 13, 2020","20.112","20.112","20.112","20.112","1.12%"
"Aug 12, 2020","19.890","19.890","19.890","19.890","-0.19%"
"Aug 11, 2020","19.928","19.928","19.928","19.928","0.54%"
"Aug 10, 2020","19.820","19.820","19.820","19.820","0.72%"
"Aug 07, 2020","19.678","19.678","19.678","19.678","0.49%"
"Aug 06, 2020","19.583","19.583","19.583","19.583","0.60%"
"Aug 05, 2020","19.466","19.466","19.466","19.466","0.47%"
"Aug 04, 2020","19.374","19.374","19.374","19.374","0.99%"
"Aug 03, 2020","19.185","19.185","19.185","19.185","-0.56%"
"Jul 31, 2020","19.294","19.294","19.294","19.294","0.06%"
"Jul 30, 2020","19.282","19.282","19.282","19.282","-1.43%"
"Jul 29, 2020","19.562","19.562","19.562","19.562","-0.26%"
"Jul 28, 2020","19.613","19.613","19.613","19.613","0.53%"
"Jul 27, 2020","19.510","19.510","19.510","19.510","-1.17%"
"Jul 24, 2020","19.740","19.740","19.740","19.740","-0.91%"
"Jul 23, 2020","19.922","19.922","19.922","19.922","0.81%"
"Jul 22, 2020","19.761","19.761","19.761","19.761","0.37%"
"Jul 21, 2020","19.689","19.689","19.689","19.689","0.78%"
"Jul 20, 2020","19.536","19.536","19.536","19.536","0.80%"
"Jul 17, 2020","19.380","19.380","19.380","19.380","1.30%"
"Jul 16, 2020","19.131","19.131","19.131","19.131","0.25%"
"Jul 15, 2020","19.083","19.083","19.083","19.083","-0.72%"
"Jul 14, 2020","19.221","19.221","19.221","19.221","-1.31%"
"Jul 13, 2020","19.476","19.476","19.476","19.476","-0.03%"
"Jul 10, 2020","19.482","19.482","19.482","19.482","-0.63%"
"Jul 09, 2020","19.606","19.606","19.606","19.606","0.44%"
"Jul 08, 2020","19.521","19.521","19.521","19.521","-0.92%"
"Jul 07, 2020","19.703","19.703","19.703","19.703","0.12%"
"Jul 06, 2020","19.679","19.679","19.679","19.679","1.23%"
"Jul 03, 2020","19.440","19.440","19.440","19.440","0.80%"
"Jul 02, 2020","19.285","19.285","19.285","19.285","0.59%"
"Jul 01, 2020","19.172","19.172","19.172","19.172","0.84%"
"Jun 30, 2020","19.012","19.012","19.012","19.012","0.16%"
"Jun 29, 2020","18.982","18.982","18.982","18.982","-1.38%"
"Jun 26, 2020","19.247","19.247","19.247","19.247","1.00%"
"Jun 25, 2020","19.057","19.057","19.057","19.057","0.25%"
"Jun 24, 2020","19.010","19.010","19.010","19.010","-1.96%"
"Jun 23, 2020","19.391","19.391","19.391","19.391","1.40%"
"Jun 22, 2020","19.124","19.124","19.124","19.124","1.25%"
"Jun 19, 2020","18.887","18.887","18.887","18.887","1.61%"
"Jun 18, 2020","18.588","18.588","18.588","18.588","2.14%"
"Jun 17, 2020","18.199","18.199","18.199","18.199","0.36%"
"Jun 16, 2020","18.133","18.133","18.133","18.133","-0.82%"
"Jun 12, 2020","18.282","18.282","18.282","18.282","0.53%"
"Jun 11, 2020","18.186","18.186","18.186","18.186","-1.60%"
"Jun 10, 2020","18.482","18.482","18.482","18.482","0.87%"
"Jun 09, 2020","18.322","18.322","18.322","18.322","-1.68%"
"Jun 08, 2020","18.635","18.635","18.635","18.635","0.75%"
"Jun 05, 2020","18.497","18.497","18.497","18.497","2.23%"
"Jun 04, 2020","18.094","18.094","18.094","18.094","-0.74%"
"Jun 03, 2020","18.229","18.229","18.229","18.229","0.84%"
"Jun 02, 2020","18.078","18.078","18.078","18.078","1.49%"
"Jun 01, 2020","17.813","17.813","17.813","17.813","2.53%"
"May 29, 2020","17.374","17.374","17.374","17.374","0.99%"
"May 28, 2020","17.204","17.204","17.204","17.204","1.64%"
"May 27, 2020","16.926","16.926","16.926","16.926","2.01%"
"May 26, 2020","16.593","16.593","16.593","16.593","0.14%"
"May 22, 2020","16.570","16.570","16.570","16.570","-0.78%"
"May 21, 2020","16.700","16.700","16.700","16.700","0.08%"
"May 20, 2020","16.686","16.686","16.686","16.686","1.60%"
"May 19, 2020","16.424","16.424","16.424","16.424","0.85%"
"May 18, 2020","16.285","16.285","16.285","16.285","-3.95%"
"May 15, 2020","16.954","16.954","16.954","16.954","0.16%"
"May 14, 2020","16.927","16.927","16.927","16.927","-1.59%"
"May 13, 2020","17.201","17.201","17.201","17.201","2.74%"
"May 12, 2020","16.742","16.742","16.742","16.742","-0.08%"
"May 11, 2020","16.755","16.755","16.755","16.755","-0.52%"
"May 08, 2020","16.842","16.842","16.842","16.842","-0.47%"
"May 07, 2020","16.921","16.921","16.921","16.921","-1.10%"
"May 06, 2020","17.110","17.110","17.110","17.110","0.78%"
"May 05, 2020","16.977","16.977","16.977","16.977","-0.98%"
"May 04, 2020","17.145","17.145","17.145","17.145","-2.37%"
"Apr 29, 2020","17.562","17.562","17.562","17.562","1.04%"
"Apr 28, 2020","17.381","17.381","17.381","17.381","0.85%"
"Apr 27, 2020","17.234","17.234","17.234","17.234","0.77%"
"Apr 24, 2020","17.102","17.102","17.102","17.102","-2.36%"
"Apr 23, 2020","17.516","17.516","17.516","17.516","0.65%"
"Apr 22, 2020","17.403","17.403","17.403","17.403","0.97%"
"Apr 21, 2020","17.235","17.235","17.235","17.235","-3.54%"
"Apr 20, 2020","17.868","17.868","17.868","17.868","0.04%"
"Apr 17, 2020","17.861","17.861","17.861","17.861","3.80%"
"Apr 16, 2020","17.207","17.207","17.207","17.207","1.68%"
"Apr 15, 2020","16.923","16.923","16.923","16.923","0.85%"
"Apr 13, 2020","16.780","16.780","16.780","16.780","0.06%"
"Apr 09, 2020","16.770","16.770","16.770","16.770","3.67%"
"Apr 08, 2020","16.176","16.176","16.176","16.176","-0.21%"
"Apr 07, 2020","16.210","16.210","16.210","16.210","6.32%"
"Apr 03, 2020","15.247","15.247","15.247","15.247","-2.33%"
"Apr 01, 2020","15.611","15.611","15.611","15.611","-2.64%"
"Mar 31, 2020","16.035","16.035","16.035","16.035","4.25%"
"Mar 30, 2020","15.382","15.382","15.382","15.382","-3.06%"
"Mar 27, 2020","15.867","15.867","15.867","15.867","0.34%"
"Mar 26, 2020","15.814","15.814","15.814","15.814","3.45%"
"Mar 25, 2020","15.286","15.286","15.286","15.286","4.16%"
"Mar 24, 2020","14.675","14.675","14.675","14.675","0.02%"
"Mar 23, 2020","14.672","14.672","14.672","14.672","-13.75%"
"Mar 20, 2020","17.012","17.012","17.012","17.012","3.47%"
"Mar 19, 2020","16.442","16.442","16.442","16.442","-4.12%"
"Mar 18, 2020","17.148","17.148","17.148","17.148","-5.03%"
"Mar 17, 2020","18.057","18.057","18.057","18.057","-2.30%"
"Mar 16, 2020","18.483","18.483","18.483","18.483","-6.18%"
"Mar 13, 2020","19.700","19.700","19.700","19.700","3.00%"
"Mar 12, 2020","19.126","19.126","19.126","19.126","-8.58%"
"Mar 11, 2020","20.922","20.922","20.922","20.922","-0.14%"
"Mar 09, 2020","20.951","20.951","20.951","20.951","-3.95%"
"Mar 06, 2020","21.813","21.813","21.813","21.813","-2.21%"
"Mar 05, 2020","22.305","22.305","22.305","22.305","0.00%"
"Mar 04, 2020","22.305","22.305","22.305","22.305","-1.24%"
"Mar 03, 2020","22.585","22.585","22.585","22.585","1.20%"
"Mar 02, 2020","22.317","22.317","22.317","22.317","-0.96%"
"Feb 28, 2020","22.533","22.533","22.533","22.533","-3.03%"
"Feb 27, 2020","23.238","23.238","23.238","23.238","-0.43%"
"Feb 26, 2020","23.339","23.339","23.339","23.339","-1.03%"
"Feb 25, 2020","23.582","23.582","23.582","23.582","-0.43%"
"Feb 24, 2020","23.684","23.684","23.684","23.684","-1.80%"
"Feb 20, 2020","24.119","24.119","24.119","24.119","-0.12%"
"Feb 19, 2020","24.149","24.149","24.149","24.149","0.96%"
"Feb 18, 2020","23.920","23.920","23.920","23.920","-0.77%"
"Feb 17, 2020","24.105","24.105","24.105","24.105","-0.86%"
"Feb 14, 2020","24.313","24.313","24.313","24.313","-0.24%"
"Feb 13, 2020","24.371","24.371","24.371","24.371","-0.56%"
"Feb 12, 2020","24.508","24.508","24.508","24.508","-0.04%"
"Feb 11, 2020","24.519","24.519","24.519","24.519","0.08%"
"Feb 10, 2020","24.500","24.500","24.500","24.500","-1.20%"
"Feb 07, 2020","24.797","24.797","24.797","24.797","-11.24%"
"Feb 06, 2020","27.938","27.938","27.938","27.938","0.47%"
"Feb 05, 2020","27.807","27.807","27.807","27.807","1.36%"
"Feb 04, 2020","27.435","27.435","27.435","27.435","1.52%"
"Feb 03, 2020","27.025","27.025","27.025","27.025","-2.52%"
"Jan 31, 2020","27.724","27.724","27.724","27.724","-0.29%"
"Jan 30, 2020","27.806","27.806","27.806","27.806","-0.80%"
"Jan 29, 2020","28.030","28.030","28.030","28.030","0.48%"
"Jan 28, 2020","27.897","27.897","27.897","27.897","-0.73%"
"Jan 27, 2020","28.103","28.103","28.103","28.103","-0.60%"
"Jan 24, 2020","28.272","28.272","28.272","28.272","0.82%"
"Jan 23, 2020","28.041","28.041","28.041","28.041","0.91%"
"Jan 22, 2020","27.789","27.789","27.789","27.789","-0.60%"
"Jan 21, 2020","27.957","27.957","27.957","27.957","-0.29%"
"Jan 20, 2020","28.038","28.038","28.038","28.038","-0.43%"
"Jan 17, 2020","28.159","28.159","28.159","28.159","0.32%"
"Jan 16, 2020","28.070","28.070","28.070","28.070","0.08%"
"Jan 15, 2020","28.047","28.047","28.047","28.047","0.37%"
"Jan 14, 2020","27.945","27.945","27.945","27.945","0.27%"
"Jan 13, 2020","27.870","27.870","27.870","27.870","0.58%"
"Jan 10, 2020","27.708","27.708","27.708","27.708","0.55%"
"Jan 09, 2020","27.557","27.557","27.557","27.557","1.62%"
"Jan 08, 2020","27.119","27.119","27.119","27.119","-0.18%"
"Jan 07, 2020","27.167","27.167","27.167","27.167","0.21%"
"Jan 06, 2020","27.110","27.110","27.110","27.110","-2.02%"
"Jan 03, 2020","27.668","27.668","27.668","27.668","-0.42%"
"Jan 02, 2020","27.784","27.784","27.784","27.784","1.36%"
"Jan 01, 2020","27.410","27.410","27.410","27.410","0.38%"
"Dec 31, 2019","27.305","27.305","27.305","27.305","0.24%"
"Dec 30, 2019","27.239","27.239","27.239","27.239","0.21%"
"Dec 27, 2019","27.181","27.181","27.181","27.181","1.20%"
"Dec 26, 2019","26.860","26.860","26.860","26.860","-0.42%"
"Dec 24, 2019","26.973","26.973","26.973","26.973","-0.23%"
"Dec 23, 2019","27.036","27.036","27.036","27.036","0.03%"
"Dec 20, 2019","27.028","27.028","27.028","27.028","0.19%"
"Dec 19, 2019","26.976","26.976","26.976","26.976","0.03%"
"Dec 18, 2019","26.969","26.969","26.969","26.969","-0.13%"
"Dec 17, 2019","27.005","27.005","27.005","27.005","0.82%"
"Dec 16, 2019","26.785","26.785","26.785","26.785","-0.50%"
"Dec 13, 2019","26.919","26.919","26.919","26.919","1.18%"
"Dec 12, 2019","26.606","26.606","26.606","26.606","0.97%"
"Dec 11, 2019","26.351","26.351","26.351","26.351","-0.07%"
"Dec 10, 2019","26.370","26.370","26.370","26.370","-0.86%"
"Dec 09, 2019","26.599","26.599","26.599","26.599","0.05%"
"Dec 06, 2019","26.586","26.586","26.586","26.586","-1.12%"
"Dec 05, 2019","26.887","26.887","26.887","26.887","-0.67%"
"Dec 04, 2019","27.067","27.067","27.067","27.067","0.40%"
"Dec 03, 2019","26.958","26.958","26.958","26.958","-0.98%"
"Dec 02, 2019","27.226","27.226","27.226","27.226","-0.19%"
"Nov 29, 2019","27.277","27.277","27.277","27.277","-0.07%"
"Nov 28, 2019","27.296","27.296","27.296","27.296","0.46%"
"Nov 27, 2019","27.172","27.172","27.172","27.172","0.18%"
"Nov 26, 2019","27.124","27.124","27.124","27.124","-0.50%"
"Nov 25, 2019","27.260","27.260","27.260","27.260","1.07%"
"Nov 22, 2019","26.972","26.972","26.972","26.972","-0.30%"
"Nov 21, 2019","27.054","27.054","27.054","27.054","-0.50%"
"Nov 20, 2019","27.189","27.189","27.189","27.189","0.48%"
"Nov 19, 2019","27.059","27.059","27.059","27.059","0.54%"
"Nov 18, 2019","26.914","26.914","26.914","26.914","-0.02%"
"Nov 15, 2019","26.920","26.920","26.920","26.920","0.15%"
"Nov 14, 2019","26.881","26.881","26.881","26.881","0.33%"
"Nov 13, 2019","26.793","26.793","26.793","26.793","-1.29%"
"Nov 11, 2019","27.143","27.143","27.143","27.143","0.31%"
"Nov 08, 2019","27.059","27.059","27.059","27.059","-0.74%"
"Nov 07, 2019","27.262","27.262","27.262","27.262","-0.12%"
"Nov 06, 2019","27.295","27.295","27.295","27.295","0.29%"
"Nov 05, 2019","27.215","27.215","27.215","27.215","-0.96%"
"Nov 04, 2019","27.479","27.479","27.479","27.479","0.49%"
"Nov 01, 2019","27.346","27.346","27.346","27.346","0.08%"
"Oct 31, 2019","27.323","27.323","27.323","27.323","-0.02%"
"Oct 30, 2019","27.329","27.329","27.329","27.329","0.38%"
"Oct 29, 2019","27.225","27.225","27.225","27.225","1.36%"
"Oct 25, 2019","26.859","26.859","26.859","26.859","0.13%"
"Oct 24, 2019","26.824","26.824","26.824","26.824","-0.82%"
"Oct 23, 2019","27.046","27.046","27.046","27.046","-0.40%"
"Oct 22, 2019","27.155","27.155","27.155","27.155","0.53%"
"Oct 18, 2019","27.011","27.011","27.011","27.011","1.02%"
"Oct 17, 2019","26.739","26.739","26.739","26.739","0.83%"
"Oct 16, 2019","26.519","26.519","26.519","26.519","0.38%"
"Oct 15, 2019","26.418","26.418","26.418","26.418","0.47%"
"Oct 14, 2019","26.294","26.294","26.294","26.294","0.40%"
"Oct 11, 2019","26.190","26.190","26.190","26.190","0.15%"
"Oct 10, 2019","26.152","26.152","26.152","26.152","-0.91%"
"Oct 09, 2019","26.393","26.393","26.393","26.393","1.88%"
"Oct 07, 2019","25.905","25.905","25.905","25.905","-0.90%"
"Oct 04, 2019","26.140","26.140","26.140","26.140","-1.63%"
"Oct 03, 2019","26.573","26.573","26.573","26.573","-0.31%"
"Oct 01, 2019","26.656","26.656","26.656","26.656","-0.82%"
"Sep 30, 2019","26.876","26.876","26.876","26.876","-0.78%"
"Sep 27, 2019","27.086","27.086","27.086","27.086","-0.58%"
"Sep 26, 2019","27.244","27.244","27.244","27.244","1.64%"
"Sep 25, 2019","26.805","26.805","26.805","26.805","-1.52%"
"Sep 24, 2019","27.220","27.220","27.220","27.220","-0.85%"
"Sep 23, 2019","27.454","27.454","27.454","27.454","4.09%"
"Sep 20, 2019","26.375","26.375","26.375","26.375","6.18%"
"Sep 19, 2019","24.841","24.841","24.841","24.841","-1.19%"
"Sep 18, 2019","25.140","25.140","25.140","25.140","0.30%"
"Sep 17, 2019","25.065","25.065","25.065","25.065","-1.81%"
"Sep 16, 2019","25.526","25.526","25.526","25.526","-0.68%"
"Sep 13, 2019","25.702","25.702","25.702","25.702","1.17%"
"Sep 12, 2019","25.405","25.405","25.405","25.405","-0.15%"
"Sep 11, 2019","25.443","25.443","25.443","25.443","0.80%"
"Sep 09, 2019","25.240","25.240","25.240","25.240","0.59%"
"Sep 06, 2019","25.091","25.091","25.091","25.091","1.26%"
"Sep 05, 2019","24.779","24.779","24.779","24.779","0.57%"
"Sep 04, 2019","24.638","24.638","24.638","24.638","0.74%"
"Sep 03, 2019","24.456","24.456","24.456","24.456","-2.31%"
"Aug 30, 2019","25.034","25.034","25.034","25.034","0.39%"
"Aug 29, 2019","24.936","24.936","24.936","24.936","-0.90%"
"Aug 28, 2019","25.162","25.162","25.162","25.162","-0.88%"
"Aug 27, 2019","25.386","25.386","25.386","25.386","1.28%"
"Aug 26, 2019","25.064","25.064","25.064","25.064","2.09%"
"Aug 23, 2019","24.550","24.550","24.550","24.550","-0.06%"
"Aug 22, 2019","24.564","24.564","24.564","24.564","-1.61%"
"Aug 21, 2019","24.967","24.967","24.967","24.967","-1.46%"
"Aug 20, 2019","25.338","25.338","25.338","25.338","-0.92%"
"Aug 19, 2019","25.574","25.574","25.574","25.574","0.57%"
"Aug 16, 2019","25.430","25.430","25.430","25.430","0.19%"
"Aug 14, 2019","25.383","25.383","25.383","25.383","0.93%"
"Aug 13, 2019","25.149","25.149","25.149","25.149","-2.14%"
"Aug 09, 2019","25.700","25.700","25.700","25.700","0.58%"
"Aug 08, 2019","25.553","25.553","25.553","25.553","0.67%"
"Aug 07, 2019","25.382","25.382","25.382","25.382","-0.81%"
"Aug 06, 2019","25.588","25.588","25.588","25.588","1.52%"
"Aug 05, 2019","25.205","25.205","25.205","25.205","-1.43%"
"Aug 02, 2019","25.570","25.570","25.570","25.570","-0.48%"
"Aug 01, 2019","25.693","25.693","25.693","25.693","-1.20%"
"Jul 31, 2019","26.004","26.004","26.004","26.004","0.12%"
"Jul 30, 2019","25.973","25.973","25.973","25.973","-1.36%"
"Jul 29, 2019","26.331","26.331","26.331","26.331","-0.65%"
"Jul 26, 2019","26.503","26.503","26.503","26.503","0.51%"
"Jul 25, 2019","26.368","26.368","26.368","26.368","-0.01%"
"Jul 24, 2019","26.371","26.371","26.371","26.371","-1.22%"
"Jul 23, 2019","26.696","26.696","26.696","26.696","0.13%"
"Jul 22, 2019","26.661","26.661","26.661","26.661","-0.31%"
"Jul 19, 2019","26.745","26.745","26.745","26.745","-1.31%"
"Jul 18, 2019","27.099","27.099","27.099","27.099","-1.15%"
"Jul 17, 2019","27.413","27.413","27.413","27.413","0.36%"
"Jul 16, 2019","27.314","27.314","27.314","27.314","0.60%"
"Jul 15, 2019","27.151","27.151","27.151","27.151","-0.70%"
"Jul 12, 2019","27.342","27.342","27.342","27.342","-0.38%"
"Jul 11, 2019","27.445","27.445","27.445","27.445","0.53%"
"Jul 10, 2019","27.301","27.301","27.301","27.301","-0.93%"
"Jul 09, 2019","27.558","27.558","27.558","27.558","0.65%"
"Jul 08, 2019","27.380","27.380","27.380","27.380","-2.86%"
"Jul 05, 2019","28.185","28.185","28.185","28.185","-1.26%"
"Jul 04, 2019","28.546","28.546","28.546","28.546","0.20%"
"Jul 03, 2019","28.489","28.489","28.489","28.489","0.27%"
"Jul 02, 2019","28.413","28.413","28.413","28.413","0.05%"
"Jul 01, 2019","28.399","28.399","28.399","28.399","0.38%"
"Jun 28, 2019","28.291","28.291","28.291","28.291","-0.13%"
"Jun 27, 2019","28.329","28.329","28.329","28.329","0.58%"
"Jun 26, 2019","28.165","28.165","28.165","28.165","0.99%"
"Jun 25, 2019","27.890","27.890","27.890","27.890","0.67%"
"Jun 24, 2019","27.704","27.704","27.704","27.704","-0.05%"
"Jun 21, 2019","27.719","27.719","27.719","27.719","-0.29%"
"Jun 20, 2019","27.801","27.801","27.801","27.801","1.51%"
"Jun 19, 2019","27.387","27.387","27.387","27.387","-0.47%"
"Jun 18, 2019","27.515","27.515","27.515","27.515","0.39%"
"Jun 17, 2019","27.408","27.408","27.408","27.408","-1.32%"
"Jun 14, 2019","27.774","27.774","27.774","27.774","-0.71%"
"Jun 13, 2019","27.974","27.974","27.974","27.974","-0.13%"
"Jun 12, 2019","28.010","28.010","28.010","28.010","-0.34%"
"Jun 11, 2019","28.106","28.106","28.106","28.106","0.39%"
"Jun 10, 2019","27.997","27.997","27.997","27.997","0.05%"
"Jun 07, 2019","27.984","27.984","27.984","27.984","0.43%"
"Jun 06, 2019","27.863","27.863","27.863","27.863","-2.28%"
"Jun 04, 2019","28.512","28.512","28.512","28.512","-0.45%"
"Jun 03, 2019","28.641","28.641","28.641","28.641","0.65%"
"May 31, 2019","28.457","28.457","28.457","28.457","-0.57%"
"May 30, 2019","28.621","28.621","28.621","28.621","0.42%"
"May 29, 2019","28.500","28.500","28.500","28.500","-1.02%"
"May 28, 2019","28.793","28.793","28.793","28.793","-0.53%"
"May 27, 2019","28.947","28.947","28.947","28.947","2.44%"
"May 24, 2019","28.257","28.257","28.257","28.257","3.28%"
"May 23, 2019","27.360","27.360","27.360","27.360","0.77%"
"May 22, 2019","27.152","27.152","27.152","27.152","0.75%"
"May 21, 2019","26.951","26.951","26.951","26.951","-1.09%"
"May 20, 2019","27.249","27.249","27.249","27.249","4.97%"
"May 17, 2019","25.958","25.958","25.958","25.958","0.99%"
"May 16, 2019","25.703","25.703","25.703","25.703","0.82%"
"May 15, 2019","25.493","25.493","25.493","25.493","-0.70%"
"May 14, 2019","25.672","25.672","25.672","25.672","1.20%"
"May 13, 2019","25.367","25.367","25.367","25.367","-1.55%"
"May 10, 2019","25.766","25.766","25.766","25.766","0.33%"
"May 09, 2019","25.680","25.680","25.680","25.680","-0.50%"
"May 08, 2019","25.809","25.809","25.809","25.809","-1.24%"
"May 07, 2019","26.133","26.133","26.133","26.133","-0.44%"
"May 06, 2019","26.248","26.248","26.248","26.248","-0.92%"
"May 03, 2019","26.491","26.491","26.491","26.491","0.43%"
"May 02, 2019","26.377","26.377","26.377","26.377","-0.81%"
"Apr 30, 2019","26.593","26.593","26.593","26.593","-0.63%"
"Apr 26, 2019","26.762","26.762","26.762","26.762","0.77%"
"Apr 25, 2019","26.558","26.558","26.558","26.558","-0.37%"
"Apr 24, 2019","26.657","26.657","26.657","26.657","0.50%"
"Apr 23, 2019","26.525","26.525","26.525","26.525","-0.39%"
"Apr 22, 2019","26.629","26.629","26.629","26.629","-1.49%"
"Apr 18, 2019","27.031","27.031","27.031","27.031","-0.97%"
"Apr 16, 2019","27.295","27.295","27.295","27.295","0.93%"
"Apr 15, 2019","27.044","27.044","27.044","27.044","0.10%"
"Apr 12, 2019","27.016","27.016","27.016","27.016","0.45%"
"Apr 11, 2019","26.896","26.896","26.896","26.896","0.24%"
"Apr 10, 2019","26.832","26.832","26.832","26.832","-0.42%"
"Apr 09, 2019","26.945","26.945","26.945","26.945","0.19%"
"Apr 08, 2019","26.894","26.894","26.894","26.894","-0.20%"
"Apr 05, 2019","26.949","26.949","26.949","26.949","0.36%"
"Apr 04, 2019","26.853","26.853","26.853","26.853","-0.48%"
"Apr 03, 2019","26.983","26.983","26.983","26.983","-1.03%"
"Apr 02, 2019","27.265","27.265","27.265","27.265","-0.03%"
"Apr 01, 2019","27.272","27.272","27.272","27.272","0.15%"
"Mar 29, 2019","27.232","27.232","27.232","27.232","0.87%"
"Mar 28, 2019","26.998","26.998","26.998","26.998","0.77%"
"Mar 27, 2019","26.793","26.793","26.793","26.793","0.37%"
"Mar 26, 2019","26.693","26.693","26.693","26.693","1.14%"
"Mar 25, 2019","26.391","26.391","26.391","26.391","-1.19%"
"Mar 22, 2019","26.708","26.708","26.708","26.708","0.01%"
"Mar 20, 2019","26.706","26.706","26.706","26.706","-0.44%"
"Mar 19, 2019","26.823","26.823","26.823","26.823","0.66%"
"Mar 18, 2019","26.647","26.647","26.647","26.647","0.14%"
"Mar 15, 2019","26.609","26.609","26.609","26.609","0.46%"
"Mar 14, 2019","26.487","26.487","26.487","26.487","-0.15%"
"Mar 13, 2019","26.527","26.527","26.527","26.527","0.08%"
"Mar 12, 2019","26.506","26.506","26.506","26.506","1.59%"
"Mar 11, 2019","26.092","26.092","26.092","26.092","2.13%"
"Mar 08, 2019","25.548","25.548","25.548","25.548","-0.06%"
"Mar 07, 2019","25.563","25.563","25.563","25.563","0.27%"
"Mar 06, 2019","25.495","25.495","25.495","25.495","1.39%"
"Mar 05, 2019","25.146","25.146","25.146","25.146","3.18%"
"Mar 01, 2019","24.371","24.371","24.371","24.371","1.66%"
"Feb 28, 2019","23.973","23.973","23.973","23.973","0.69%"
"Feb 27, 2019","23.808","23.808","23.808","23.808","0.47%"
"Feb 26, 2019","23.697","23.697","23.697","23.697","-0.49%"
"Feb 25, 2019","23.813","23.813","23.813","23.813","0.43%"
"Feb 22, 2019","23.710","23.710","23.710","23.710","0.58%"
"Feb 21, 2019","23.573","23.573","23.573","23.573","1.07%"
"Feb 20, 2019","23.323","23.323","23.323","23.323","1.62%"
"Feb 19, 2019","22.952","22.952","22.952","22.952","0.33%"
"Feb 18, 2019","22.876","22.876","22.876","22.876","-1.07%"
"Feb 15, 2019","23.123","23.123","23.123","23.123","-0.09%"
"Feb 14, 2019","23.143","23.143","23.143","23.143","0.09%"
"Feb 13, 2019","23.123","23.123","23.123","23.123","-0.86%"
"Feb 12, 2019","23.324","23.324","23.324","23.324","-0.56%"
"Feb 11, 2019","23.455","23.455","23.455","23.455","-1.23%"
"Feb 08, 2019","23.748","23.748","23.748","23.748","-12.59%"
"Feb 07, 2019","27.169","27.169","27.169","27.169","0.32%"
"Feb 06, 2019","27.081","27.081","27.081","27.081","0.62%"
"Feb 05, 2019","26.913","26.913","26.913","26.913","-0.60%"
"Feb 04, 2019","27.075","27.075","27.075","27.075","-0.57%"
"Feb 01, 2019","27.230","27.230","27.230","27.230","-0.59%"
"Jan 31, 2019","27.392","27.392","27.392","27.392","0.91%"
"Jan 30, 2019","27.145","27.145","27.145","27.145","0.89%"
"Jan 29, 2019","26.906","26.906","26.906","26.906","-0.03%"
"Jan 28, 2019","26.914","26.914","26.914","26.914","-1.85%"
"Jan 25, 2019","27.422","27.422","27.422","27.422","-0.80%"
"Jan 24, 2019","27.642","27.642","27.642","27.642","-0.37%"
"Jan 23, 2019","27.744","27.744","27.744","27.744","-0.40%"
"Jan 22, 2019","27.855","27.855","27.855","27.855","-0.84%"
"Jan 21, 2019","28.092","28.092","28.092","28.092","-0.47%"
"Jan 18, 2019","28.225","28.225","28.225","28.225","-0.73%"
"Jan 17, 2019","28.433","28.433","28.433","28.433","-0.21%"
"Jan 16, 2019","28.492","28.492","28.492","28.492","0.04%"
"Jan 15, 2019","28.480","28.480","28.480","28.480","0.67%"
"Jan 14, 2019","28.291","28.291","28.291","28.291","-0.89%"
"Jan 11, 2019","28.544","28.544","28.544","28.544","-0.47%"
"Jan 10, 2019","28.678","28.678","28.678","28.678","-0.09%"
"Jan 09, 2019","28.703","28.703","28.703","28.703","-0.16%"
"Jan 08, 2019","28.748","28.748","28.748","28.748","0.58%"
"Jan 07, 2019","28.582","28.582","28.582","28.582","0.32%"
"Jan 04, 2019","28.490","28.490","28.490","28.490","0.41%"
"Jan 03, 2019","28.373","28.373","28.373","28.373","-0.94%"
"Jan 02, 2019","28.641","28.641","28.641","28.641","-0.76%"
"Jan 01, 2019","28.861","28.861","28.861","28.861","0.36%"
"Dec 31, 2018","28.758","28.758","28.758","28.758","0.45%"
"Dec 28, 2018","28.629","28.629","28.629","28.629","0.81%"
"Dec 27, 2018","28.399","28.399","28.399","28.399","0.18%"
"Dec 26, 2018","28.349","28.349","28.349","28.349","0.67%"
"Dec 24, 2018","28.161","28.161","28.161","28.161","-0.73%"
"Dec 21, 2018","28.368","28.368","28.368","28.368","-1.56%"
"Dec 20, 2018","28.817","28.817","28.817","28.817","-0.18%"
"Dec 19, 2018","28.868","28.868","28.868","28.868","1.35%"
"Dec 18, 2018","28.484","28.484","28.484","28.484","0.74%"
"Dec 17, 2018","28.274","28.274","28.274","28.274","0.30%"
"Dec 14, 2018","28.189","28.189","28.189","28.189","0.09%"
"Dec 13, 2018","28.164","28.164","28.164","28.164","0.73%"
"Dec 12, 2018","27.961","27.961","27.961","27.961","2.17%"
"Dec 11, 2018","27.366","27.366","27.366","27.366","0.42%"
"Dec 10, 2018","27.251","27.251","27.251","27.251","-1.49%"
"Dec 07, 2018","27.663","27.663","27.663","27.663","0.31%"
"Dec 06, 2018","27.577","27.577","27.577","27.577","-1.46%"
"Dec 05, 2018","27.986","27.986","27.986","27.986","-1.31%"
"Dec 04, 2018","28.357","28.357","28.357","28.357","0.00%"
"Dec 03, 2018","28.356","28.356","28.356","28.356","0.47%"
"Nov 30, 2018","28.224","28.224","28.224","28.224","0.00%"
"Nov 29, 2018","28.223","28.223","28.223","28.223","0.94%"
"Nov 28, 2018","27.960","27.960","27.960","27.960","-0.30%"
"Nov 27, 2018","28.045","28.045","28.045","28.045","0.16%"
"Nov 26, 2018","28.001","28.001","28.001","28.001","0.25%"
"Nov 22, 2018","27.932","27.932","27.932","27.932","-0.73%"
"Nov 21, 2018","28.138","28.138","28.138","28.138","0.16%"
"Nov 20, 2018","28.094","28.094","28.094","28.094","-0.91%"
"Nov 19, 2018","28.352","28.352","28.352","28.352","0.22%"
"Nov 16, 2018","28.290","28.290","28.290","28.290","0.22%"
"Nov 15, 2018","28.228","28.228","28.228","28.228","0.56%"
"Nov 14, 2018","28.071","28.071","28.071","28.071","0.46%"
"Nov 13, 2018","27.942","27.942","27.942","27.942","1.11%"
"Nov 12, 2018","27.634","27.634","27.634","27.634","-0.92%"
"Nov 09, 2018","27.890","27.890","27.890","27.890","0.98%"
"Nov 06, 2018","27.619","27.619","27.619","27.619","-0.09%"
"Nov 05, 2018","27.645","27.645","27.645","27.645","-0.30%"
"Nov 02, 2018","27.729","27.729","27.729","27.729","1.56%"
"Nov 01, 2018","27.302","27.302","27.302","27.302","1.02%"
"Oct 31, 2018","27.025","27.025","27.025","27.025","1.74%"
"Oct 30, 2018","26.562","26.562","26.562","26.562","0.53%"
"Oct 29, 2018","26.421","26.421","26.421","26.421","2.89%"
"Oct 26, 2018","25.680","25.680","25.680","25.680","-0.29%"
"Oct 25, 2018","25.755","25.755","25.755","25.755","-1.43%"
"Oct 24, 2018","26.128","26.128","26.128","26.128","0.50%"
"Oct 23, 2018","25.999","25.999","25.999","25.999","-1.00%"
"Oct 22, 2018","26.262","26.262","26.262","26.262","-0.57%"
"Oct 19, 2018","26.413","26.413","26.413","26.413","-1.17%"
"Oct 17, 2018","26.727","26.727","26.727","26.727","-2.11%"
"Oct 16, 2018","27.302","27.302","27.302","27.302","1.31%"
"Oct 15, 2018","26.949","26.949","26.949","26.949","-0.05%"
"Oct 12, 2018","26.962","26.962","26.962","26.962","2.59%"
"Oct 11, 2018","26.281","26.281","26.281","26.281","-2.01%"
"Oct 10, 2018","26.821","26.821","26.821","26.821","3.16%"
"Oct 09, 2018","25.999","25.999","25.999","25.999","-0.18%"
"Oct 08, 2018","26.047","26.047","26.047","26.047","-0.81%"
"Oct 05, 2018","26.260","26.260","26.260","26.260","-3.34%"
"Oct 04, 2018","27.166","27.166","27.166","27.166","-1.10%"
"Oct 03, 2018","27.468","27.468","27.468","27.468","-0.45%"
"Oct 01, 2018","27.591","27.591","27.591","27.591","0.45%"
"Sep 28, 2018","27.467","27.467","27.467","27.467","-1.67%"
"Sep 27, 2018","27.934","27.934","27.934","27.934","-1.27%"
"Sep 26, 2018","28.294","28.294","28.294","28.294","0.39%"
"Sep 25, 2018","28.184","28.184","28.184","28.184","0.45%"
"Sep 24, 2018","28.058","28.058","28.058","28.058","-2.16%"
"Sep 21, 2018","28.678","28.678","28.678","28.678","-1.00%"
"Sep 19, 2018","28.968","28.968","28.968","28.968","-0.14%"
"Sep 18, 2018","29.008","29.008","29.008","29.008","-1.42%"
"Sep 17, 2018","29.427","29.427","29.427","29.427","-0.75%"
"Sep 14, 2018","29.649","29.649","29.649","29.649","1.76%"
"Sep 12, 2018","29.137","29.137","29.137","29.137","-0.15%"
"Sep 11, 2018","29.181","29.181","29.181","29.181","-1.28%"
"Sep 10, 2018","29.558","29.558","29.558","29.558","-1.38%"
"Sep 07, 2018","29.973","29.973","29.973","29.973","0.02%"
"Sep 06, 2018","29.966","29.966","29.966","29.966","0.26%"
"Sep 05, 2018","29.887","29.887","29.887","29.887","-0.56%"
"Sep 04, 2018","30.054","30.054","30.054","30.054","-1.98%"
"Sep 03, 2018","30.660","30.660","30.660","30.660","-0.29%"
"Aug 31, 2018","30.750","30.750","30.750","30.750","0.23%"
"Aug 30, 2018","30.680","30.680","30.680","30.680","0.22%"
"Aug 29, 2018","30.612","30.612","30.612","30.612","-0.06%"
"Aug 28, 2018","30.629","30.629","30.629","30.629","-0.19%"
"Aug 27, 2018","30.688","30.688","30.688","30.688","0.84%"
"Aug 24, 2018","30.433","30.433","30.433","30.433","-0.26%"
"Aug 23, 2018","30.513","30.513","30.513","30.513","-0.43%"
"Aug 21, 2018","30.646","30.646","30.646","30.646","0.02%"
"Aug 20, 2018","30.641","30.641","30.641","30.641","0.90%"
"Aug 17, 2018","30.369","30.369","30.369","30.369","1.32%"
"Aug 16, 2018","29.972","29.972","29.972","29.972","-0.76%"
"Aug 14, 2018","30.203","30.203","30.203","30.203","0.27%"
"Aug 13, 2018","30.121","30.121","30.121","30.121","-1.34%"
"Aug 10, 2018","30.531","30.531","30.531","30.531","-0.77%"
"Aug 09, 2018","30.768","30.768","30.768","30.768","0.49%"
"Aug 08, 2018","30.617","30.617","30.617","30.617","0.13%"
"Aug 07, 2018","30.578","30.578","30.578","30.578","-0.30%"
"Aug 06, 2018","30.671","30.671","30.671","30.671","0.56%"
"Aug 03, 2018","30.499","30.499","30.499","30.499","1.03%"
"Aug 02, 2018","30.188","30.188","30.188","30.188","-0.15%"
"Aug 01, 2018","30.233","30.233","30.233","30.233","-0.27%"
"Jul 31, 2018","30.316","30.316","30.316","30.316","0.21%"
"Jul 30, 2018","30.252","30.252","30.252","30.252","0.67%"
"Jul 27, 2018","30.050","30.050","30.050","30.050","1.35%"
"Jul 26, 2018","29.649","29.649","29.649","29.649","0.88%"
"Jul 25, 2018","29.389","29.389","29.389","29.389","0.18%"
"Jul 24, 2018","29.337","29.337","29.337","29.337","2.02%"
"Jul 23, 2018","28.755","28.755","28.755","28.755","1.16%"
"Jul 20, 2018","28.425","28.425","28.425","28.425","0.09%"
"Jul 19, 2018","28.400","28.400","28.400","28.400","-0.65%"
"Jul 18, 2018","28.586","28.586","28.586","28.586","-1.02%"
"Jul 17, 2018","28.880","28.880","28.880","28.880","1.24%"
"Jul 16, 2018","28.525","28.525","28.525","28.525","-2.26%"
"Jul 13, 2018","29.186","29.186","29.186","29.186","-0.74%"
"Jul 12, 2018","29.403","29.403","29.403","29.403","0.22%"
"Jul 11, 2018","29.339","29.339","29.339","29.339","-0.58%"
"Jul 10, 2018","29.511","29.511","29.511","29.511","1.02%"
"Jul 09, 2018","29.214","29.214","29.214","29.214","1.29%"
"Jul 06, 2018","28.841","28.841","28.841","28.841","0.48%"
"Jul 05, 2018","28.704","28.704","28.704","28.704","0.18%"
"Jul 04, 2018","28.653","28.653","28.653","28.653","0.09%"
"Jul 03, 2018","28.626","28.626","28.626","28.626","0.11%"
"Jul 02, 2018","28.595","28.595","28.595","28.595","-0.69%"
"Jun 29, 2018","28.793","28.793","28.793","28.793","1.97%"
"Jun 28, 2018","28.238","28.238","28.238","28.238","-1.78%"
"Jun 27, 2018","28.749","28.749","28.749","28.749","-2.09%"
"Jun 26, 2018","29.362","29.362","29.362","29.362","-0.56%"
"Jun 25, 2018","29.527","29.527","29.527","29.527","-1.18%"
"Jun 22, 2018","29.879","29.879","29.879","29.879","0.49%"
"Jun 21, 2018","29.732","29.732","29.732","29.732","-0.30%"
"Jun 20, 2018","29.820","29.820","29.820","29.820","-0.05%"
"Jun 19, 2018","29.834","29.834","29.834","29.834","-1.24%"
"Jun 18, 2018","30.210","30.210","30.210","30.210","-0.44%"
"Jun 15, 2018","30.345","30.345","30.345","30.345","-1.00%"
"Jun 14, 2018","30.653","30.653","30.653","30.653","-0.71%"
"Jun 13, 2018","30.871","30.871","30.871","30.871","-0.21%"
"Jun 12, 2018","30.935","30.935","30.935","30.935","0.52%"
"Jun 11, 2018","30.774","30.774","30.774","30.774","0.00%"
"Jun 08, 2018","30.773","30.773","30.773","30.773","-0.29%"
"Jun 07, 2018","30.861","30.861","30.861","30.861","1.62%"
"Jun 06, 2018","30.370","30.370","30.370","30.370","0.84%"
"Jun 05, 2018","30.117","30.117","30.117","30.117","-1.48%"
"Jun 04, 2018","30.570","30.570","30.570","30.570","-1.33%"
"Jun 01, 2018","30.982","30.982","30.982","30.982","-1.19%"
"May 31, 2018","31.354","31.354","31.354","31.354","0.14%"
"May 30, 2018","31.309","31.309","31.309","31.309","-0.70%"
"May 29, 2018","31.529","31.529","31.529","31.529","-0.59%"
"May 28, 2018","31.717","31.717","31.717","31.717","1.63%"
"May 25, 2018","31.207","31.207","31.207","31.207","1.17%"
"May 24, 2018","30.847","30.847","30.847","30.847","0.34%"
"May 23, 2018","30.742","30.742","30.742","30.742","-0.93%"
"May 22, 2018","31.032","31.032","31.032","31.032","0.62%"
"May 21, 2018","30.840","30.840","30.840","30.840","-1.47%"
"May 18, 2018","31.301","31.301","31.301","31.301","-1.76%"
"May 17, 2018","31.862","31.862","31.862","31.862","-0.26%"
"May 16, 2018","31.944","31.944","31.944","31.944","-0.73%"
"May 15, 2018","32.179","32.179","32.179","32.179","-0.35%"
"May 14, 2018","32.291","32.291","32.291","32.291","-0.18%"
"May 11, 2018","32.350","32.350","32.350","32.350","0.92%"
"May 10, 2018","32.055","32.055","32.055","32.055","-0.64%"
"May 09, 2018","32.261","32.261","32.261","32.261","-0.44%"
"May 08, 2018","32.405","32.405","32.405","32.405","0.24%"
"May 07, 2018","32.329","32.329","32.329","32.329","0.82%"
"May 04, 2018","32.067","32.067","32.067","32.067","-0.11%"
"May 03, 2018","32.102","32.102","32.102","32.102","-0.23%"
"May 02, 2018","32.177","32.177","32.177","32.177","-1.16%"
"Apr 30, 2018","32.554","32.554","32.554","32.554","0.56%"
"Apr 27, 2018","32.374","32.374","32.374","32.374","0.96%"
"Apr 26, 2018","32.065","32.065","32.065","32.065","0.03%"
"Apr 25, 2018","32.054","32.054","32.054","32.054","-1.10%"
"Apr 24, 2018","32.410","32.410","32.410","32.410","0.20%"
"Apr 23, 2018","32.345","32.345","32.345","32.345","0.08%"
"Apr 20, 2018","32.320","32.320","32.320","32.320","-0.77%"
"Apr 19, 2018","32.570","32.570","32.570","32.570","0.56%"
"Apr 18, 2018","32.388","32.388","32.388","32.388","0.01%"
"Apr 17, 2018","32.386","32.386","32.386","32.386","0.11%"
"Apr 16, 2018","32.349","32.349","32.349","32.349","0.49%"
"Apr 13, 2018","32.191","32.191","32.191","32.191","-0.33%"
"Apr 12, 2018","32.296","32.296","32.296","32.296","-0.58%"
"Apr 11, 2018","32.486","32.486","32.486","32.486","-0.37%"
"Apr 10, 2018","32.608","32.608","32.608","32.608","0.89%"
"Apr 06, 2018","32.321","32.321","32.321","32.321","0.41%"
"Apr 05, 2018","32.188","32.188","32.188","32.188","2.26%"
"Apr 04, 2018","31.477","31.477","31.477","31.477","-1.35%"
"Apr 03, 2018","31.909","31.909","31.909","31.909","1.06%"
"Apr 02, 2018","31.575","31.575","31.575","31.575","0.75%"
"Mar 28, 2018","31.340","31.340","31.340","31.340","-0.44%"
"Mar 27, 2018","31.479","31.479","31.479","31.479","1.22%"
"Mar 26, 2018","31.099","31.099","31.099","31.099","1.61%"
"Mar 23, 2018","30.605","30.605","30.605","30.605","-1.37%"
"Mar 22, 2018","31.031","31.031","31.031","31.031","-0.75%"
"Mar 21, 2018","31.266","31.266","31.266","31.266","0.28%"
"Mar 20, 2018","31.179","31.179","31.179","31.179","0.20%"
"Mar 19, 2018","31.116","31.116","31.116","31.116","-1.26%"
"Mar 16, 2018","31.513","31.513","31.513","31.513","-1.06%"
"Mar 15, 2018","31.852","31.852","31.852","31.852","-0.12%"
"Mar 14, 2018","31.889","31.889","31.889","31.889","1.75%"
"Mar 09, 2018","31.341","31.341","31.341","31.341","-0.59%"
"Mar 08, 2018","31.528","31.528","31.528","31.528","0.77%"
"Mar 07, 2018","31.286","31.286","31.286","31.286","-1.61%"
"Mar 06, 2018","31.797","31.797","31.797","31.797","-0.84%"
"Mar 05, 2018","32.065","32.065","32.065","32.065","-0.95%"
"Mar 01, 2018","32.373","32.373","32.373","32.373","-0.42%"
"Feb 28, 2018","32.511","32.511","32.511","32.511","-0.34%"
"Feb 27, 2018","32.622","32.622","32.622","32.622","-0.59%"
"Feb 26, 2018","32.815","32.815","32.815","32.815","1.15%"
"Feb 23, 2018","32.441","32.441","32.441","32.441","1.46%"
"Feb 22, 2018","31.973","31.973","31.973","31.973","-0.53%"
"Feb 21, 2018","32.144","32.144","32.144","32.144","-0.06%"
"Feb 20, 2018","32.162","32.162","32.162","32.162","0.08%"
"Feb 19, 2018","32.136","32.136","32.136","32.136","-1.51%"
"Feb 16, 2018","32.630","32.630","32.630","32.630","-1.54%"
"Feb 15, 2018","33.142","33.142","33.142","33.142","-0.44%"
"Feb 14, 2018","33.289","33.289","33.289","33.289","-0.49%"
"Feb 12, 2018","33.453","33.453","33.453","33.453","1.37%"
"Feb 09, 2018","33.001","33.001","33.001","33.001","-10.64%"
"Feb 08, 2018","36.930","36.930","36.930","36.930","1.57%"
"Feb 07, 2018","36.359","36.359","36.359","36.359","1.12%"
"Feb 06, 2018","35.958","35.958","35.958","35.958","-1.17%"
"Feb 05, 2018","36.385","36.385","36.385","36.385","-1.06%"
"Feb 02, 2018","36.774","36.774","36.774","36.774","-3.51%"
"Feb 01, 2018","38.110","38.110","38.110","38.110","0.08%"
"Jan 31, 2018","38.078","38.078","38.078","38.078","-0.70%"
"Jan 30, 2018","38.347","38.347","38.347","38.347","-0.60%"
"Jan 29, 2018","38.578","38.578","38.578","38.578","-0.69%"
"Jan 25, 2018","38.847","38.847","38.847","38.847","-0.68%"
"Jan 24, 2018","39.111","39.111","39.111","39.111","-0.33%"
"Jan 23, 2018","39.240","39.240","39.240","39.240","1.19%"
"Jan 22, 2018","38.777","38.777","38.777","38.777","0.39%"
"Jan 19, 2018","38.626","38.626","38.626","38.626","0.63%"
"Jan 18, 2018","38.383","38.383","38.383","38.383","-1.25%"
"Jan 17, 2018","38.867","38.867","38.867","38.867","0.81%"
"Jan 16, 2018","38.555","38.555","38.555","38.555","-1.61%"
"Jan 15, 2018","39.184","39.184","39.184","39.184","-0.07%"
"Jan 12, 2018","39.213","39.213","39.213","39.213","0.09%"
"Jan 11, 2018","39.177","39.177","39.177","39.177","0.11%"
"Jan 10, 2018","39.134","39.134","39.134","39.134","-0.21%"
"Jan 09, 2018","39.216","39.216","39.216","39.216","-0.16%"
"Jan 08, 2018","39.279","39.279","39.279","39.279","0.62%"
"Jan 05, 2018","39.037","39.037","39.037","39.037","0.61%"
"Jan 04, 2018","38.800","38.800","38.800","38.800","1.06%"
"Jan 03, 2018","38.393","38.393","38.393","38.393","0.65%"
"Jan 02, 2018","38.144","38.144","38.144","38.144","-0.64%"
"Jan 01, 2018","38.389","38.389","38.389","38.389","-0.35%"
"Dec 29, 2017","38.523","38.523","38.523","38.523","-0.14%"
"Dec 28, 2017","38.577","38.577","38.577","38.577","-0.14%"
"Dec 27, 2017","38.632","38.632","38.632","38.632","-0.59%"
"Dec 26, 2017","38.860","38.860","38.860","38.860","1.00%"
"Dec 22, 2017","38.477","38.477","38.477","38.477","0.75%"
"Dec 21, 2017","38.189","38.189","38.189","38.189","0.96%"
"Dec 20, 2017","37.824","37.824","37.824","37.824","0.20%"
"Dec 19, 2017","37.749","37.749","37.749","37.749","1.00%"
"Dec 18, 2017","37.376","37.376","37.376","37.376","0.85%"
"Dec 15, 2017","37.061","37.061","37.061","37.061","0.92%"
"Dec 14, 2017","36.724","36.724","36.724","36.724","0.05%"
"Dec 13, 2017","36.707","36.707","36.707","36.707","-0.66%"
"Dec 12, 2017","36.952","36.952","36.952","36.952","-0.77%"
"Dec 11, 2017","37.238","37.238","37.238","37.238","0.05%"
"Dec 08, 2017","37.219","37.219","37.219","37.219","0.74%"
"Dec 07, 2017","36.944","36.944","36.944","36.944","1.61%"
"Dec 06, 2017","36.358","36.358","36.358","36.358","-0.96%"
"Dec 05, 2017","36.709","36.709","36.709","36.709","-0.08%"
"Dec 04, 2017","36.738","36.738","36.738","36.738","-0.29%"
"Dec 01, 2017","36.844","36.844","36.844","36.844","-1.39%"
"Nov 30, 2017","37.363","37.363","37.363","37.363","-0.44%"
"Nov 29, 2017","37.529","37.529","37.529","37.529","0.11%"
"Nov 28, 2017","37.488","37.488","37.488","37.488","-0.09%"
"Nov 27, 2017","37.522","37.522","37.522","37.522","0.73%"
"Nov 24, 2017","37.251","37.251","37.251","37.251","0.27%"
"Nov 23, 2017","37.149","37.149","37.149","37.149","0.25%"
"Nov 22, 2017","37.058","37.058","37.058","37.058","0.37%"
"Nov 21, 2017","36.923","36.923","36.923","36.923","0.61%"
"Nov 20, 2017","36.699","36.699","36.699","36.699","0.45%"
"Nov 17, 2017","36.533","36.533","36.533","36.533","1.13%"
"Nov 16, 2017","36.126","36.126","36.126","36.126","0.88%"
"Nov 15, 2017","35.812","35.812","35.812","35.812","-0.87%"
"Nov 14, 2017","36.125","36.125","36.125","36.125","-0.33%"
"Nov 13, 2017","36.246","36.246","36.246","36.246","-0.88%"
"Nov 10, 2017","36.567","36.567","36.567","36.567","0.41%"
"Nov 09, 2017","36.419","36.419","36.419","36.419","0.44%"
"Nov 08, 2017","36.259","36.259","36.259","36.259","-0.77%"
"Nov 07, 2017","36.539","36.539","36.539","36.539","-1.24%"
"Nov 06, 2017","36.998","36.998","36.998","36.998","0.03%"
"Nov 03, 2017","36.987","36.987","36.987","36.987","0.24%"
"Nov 02, 2017","36.898","36.898","36.898","36.898","0.86%"
"Nov 01, 2017","36.583","36.583","36.583","36.583","0.69%"
"Oct 31, 2017","36.331","36.331","36.331","36.331","-0.01%"
"Oct 30, 2017","36.335","36.335","36.335","36.335","0.69%"
"Oct 27, 2017","36.087","36.087","36.087","36.087","0.41%"
"Oct 25, 2017","35.940","35.940","35.940","35.940","2.99%"
"Oct 24, 2017","34.897","34.897","34.897","34.897","0.79%"
"Oct 23, 2017","34.622","34.622","34.622","34.622","0.28%"
"Oct 18, 2017","34.525","34.525","34.525","34.525","-0.50%"
"Oct 17, 2017","34.699","34.699","34.699","34.699","0.36%"
"Oct 16, 2017","34.573","34.573","34.573","34.573","0.48%"
"Oct 13, 2017","34.409","34.409","34.409","34.409","0.37%"
"Oct 12, 2017","34.283","34.283","34.283","34.283","1.08%"
"Oct 11, 2017","33.916","33.916","33.916","33.916","-0.71%"
"Oct 10, 2017","34.157","34.157","34.157","34.157","0.25%"
"Oct 09, 2017","34.071","34.071","34.071","34.071","0.03%"
"Oct 06, 2017","34.062","34.062","34.062","34.062","1.23%"
"Oct 05, 2017","33.649","33.649","33.649","33.649","0.18%"
"Oct 04, 2017","33.589","33.589","33.589","33.589","0.10%"
"Oct 03, 2017","33.554","33.554","33.554","33.554","0.54%"
"Sep 30, 2017","33.374","33.374","33.374","33.374","-0.01%"
"Sep 29, 2017","33.376","33.376","33.376","33.376","0.85%"
"Sep 28, 2017","33.095","33.095","33.095","33.095","0.40%"
"Sep 27, 2017","32.963","32.963","32.963","32.963","-1.62%"
"Sep 26, 2017","33.506","33.506","33.506","33.506","0.51%"
"Sep 25, 2017","33.335","33.335","33.335","33.335","-0.85%"
"Sep 22, 2017","33.622","33.622","33.622","33.622","-2.74%"
"Sep 21, 2017","34.568","34.568","34.568","34.568","-0.41%"
"Sep 20, 2017","34.712","34.712","34.712","34.712","-0.13%"
"Sep 19, 2017","34.758","34.758","34.758","34.758","0.18%"
"Sep 18, 2017","34.696","34.696","34.696","34.696","0.53%"
"Sep 15, 2017","34.512","34.512","34.512","34.512","0.03%"
"Sep 14, 2017","34.500","34.500","34.500","34.500","0.13%"
"Sep 13, 2017","34.456","34.456","34.456","34.456","-0.53%"
"Sep 12, 2017","34.641","34.641","34.641","34.641","1.12%"
"Sep 11, 2017","34.256","34.256","34.256","34.256","1.00%"
"Sep 08, 2017","33.916","33.916","33.916","33.916","0.12%"
"Sep 07, 2017","33.876","33.876","33.876","33.876","0.20%"
"Sep 06, 2017","33.808","33.808","33.808","33.808","-0.02%"
"Sep 05, 2017","33.815","33.815","33.815","33.815","0.34%"
"Sep 04, 2017","33.699","33.699","33.699","33.699","-0.76%"
"Sep 01, 2017","33.957","33.957","33.957","33.957","0.44%"
"Aug 31, 2017","33.808","33.808","33.808","33.808","0.22%"
"Aug 30, 2017","33.734","33.734","33.734","33.734","1.33%"
"Aug 29, 2017","33.291","33.291","33.291","33.291","-1.04%"
"Aug 28, 2017","33.640","33.640","33.640","33.640","0.64%"
"Aug 24, 2017","33.425","33.425","33.425","33.425","0.20%"
"Aug 23, 2017","33.358","33.358","33.358","33.358","1.12%"
"Aug 22, 2017","32.990","32.990","32.990","32.990","-0.35%"
"Aug 21, 2017","33.105","33.105","33.105","33.105","-0.79%"
"Aug 18, 2017","33.368","33.368","33.368","33.368","-0.45%"
"Aug 17, 2017","33.518","33.518","33.518","33.518","0.10%"
"Aug 16, 2017","33.486","33.486","33.486","33.486","0.70%"
"Aug 14, 2017","33.254","33.254","33.254","33.254","1.88%"
"Aug 11, 2017","32.640","32.640","32.640","32.640","-1.04%"
"Aug 10, 2017","32.984","32.984","32.984","32.984","-2.10%"
"Aug 09, 2017","33.691","33.691","33.691","33.691","-1.05%"
"Aug 08, 2017","34.047","34.047","34.047","34.047","-0.35%"
"Aug 07, 2017","34.167","34.167","34.167","34.167","0.83%"
"Aug 04, 2017","33.886","33.886","33.886","33.886","0.57%"
"Aug 03, 2017","33.695","33.695","33.695","33.695","-0.76%"
"Aug 02, 2017","33.952","33.952","33.952","33.952","0.03%"
"Aug 01, 2017","33.941","33.941","33.941","33.941","0.18%"
"Jul 31, 2017","33.880","33.880","33.880","33.880","1.07%"
"Jul 28, 2017","33.521","33.521","33.521","33.521","-0.24%"
"Jul 27, 2017","33.603","33.603","33.603","33.603","0.06%"
"Jul 26, 2017","33.584","33.584","33.584","33.584","0.72%"
"Jul 25, 2017","33.345","33.345","33.345","33.345","0.22%"
"Jul 24, 2017","33.273","33.273","33.273","33.273","0.28%"
"Jul 21, 2017","33.180","33.180","33.180","33.180","-0.12%"
"Jul 20, 2017","33.221","33.221","33.221","33.221","-0.34%"
"Jul 19, 2017","33.333","33.333","33.333","33.333","0.48%"
"Jul 18, 2017","33.175","33.175","33.175","33.175","-0.35%"
"Jul 17, 2017","33.292","33.292","33.292","33.292","0.20%"
"Jul 14, 2017","33.225","33.225","33.225","33.225","-0.06%"
"Jul 13, 2017","33.244","33.244","33.244","33.244","0.99%"
"Jul 12, 2017","32.918","32.918","32.918","32.918","0.64%"
"Jul 11, 2017","32.708","32.708","32.708","32.708","-0.22%"
"Jul 10, 2017","32.780","32.780","32.780","32.780","0.66%"
"Jul 07, 2017","32.566","32.566","32.566","32.566","-0.13%"
"Jul 06, 2017","32.607","32.607","32.607","32.607","0.29%"
"Jul 05, 2017","32.514","32.514","32.514","32.514","0.67%"
"Jul 04, 2017","32.299","32.299","32.299","32.299","0.14%"
"Jul 03, 2017","32.255","32.255","32.255","32.255","0.93%"
"Jun 30, 2017","31.959","31.959","31.959","31.959","0.54%"